Summary,Issue key,Issue id,Issue Type,Status,Project key,Project name,Project type,Project lead,Project lead id,Project description,Priority,Resolution,Assignee,Assignee Id,Reporter,Reporter Id,Creator,Creator Id,Created,Updated,Last Viewed,Resolved,Fix versions,Fix versions,Due date,Votes,Description,Environment,Watchers,Watchers,Watchers Id,Watchers Id,Original estimate,Remaining Estimate,Time Spent,Work Ratio,Σ Original Estimate,Σ Remaining Estimate,Σ Time Spent,Security Level,Outward issue link (Blocks),Outward issue link (Blocks),Outward issue link (Relates),Outward issue link (Relates),Outward issue link (Relates),Outward issue link (Relates),Outward issue link (Relates),Custom field (Development),Custom field (Issue color),Custom field (Rank),Sprint,Sprint,Custom field (Start date),Custom field (Story point estimate),Comment,Parent,Parent summary,Status Category
"[sprint2 refine] As an admin, I want to modify posts published by users so that I can ensure that users' posts are civilized and standardized and maintain this community.",MGAF-34,10093,Story,Done,MGAF,MUST Graduate Application Forum,software,Yulong Cao,622565b514cd2400690a3ede,,Low,Done,Rui Chen,61c6bad9e76379006875caed,Rui Chen,61c6bad9e76379006875caed,Rui Chen,61c6bad9e76379006875caed,14/May/22 8:50 PM,17/May/22 5:08 PM,16/May/22 10:50 PM,17/May/22 1:55 PM,MUST Graduate Application Forum v3.0,,,0,"Acceptance Criteria

# This page contains a form with the following fields:

l  Post before modification

l  Modify button

l  Save button

2. After saving, the post should be consistent with the modified content",,Rui Chen,,61c6bad9e76379006875caed,,,,,,,,,,,,,,,,,"{repository={count=1, dataType=repository}, json={""cachedValue"":{""errors"":[],""summary"":{""repository"":{""overall"":{""count"":1,""lastUpdated"":""2022-05-16T22:20:28.000+0800"",""dataType"":""repository""},""byInstanceType"":{""GitHub"":{""count"":1,""name"":""GitHub""}}}}},""isStale"":true}}",,0|i000pr:,MGAF Sprint 3,,,3.0,,,,Done
"[sprint1 refine] As a user, I want to separate the login page and the registration page so that I can correctly select the operation I want to perform.",MGAF-32,10091,Story,Done,MGAF,MUST Graduate Application Forum,software,Yulong Cao,622565b514cd2400690a3ede,,High,Done,Yulong Cao,622565b514cd2400690a3ede,Rui Chen,61c6bad9e76379006875caed,Rui Chen,61c6bad9e76379006875caed,05/May/22 4:10 PM,09/May/22 9:23 AM,08/May/22 10:26 PM,06/May/22 3:40 PM,MUST Graduate Application Forum v2.0,,,0,"Acceptance criteria\[abstract]:

# Unregistered users click the registration button to fill in the information and submit
# The registered user fills in the registered information and submits it",,Rui Chen,,61c6bad9e76379006875caed,,,,,,,,,,,,,,,,,"{repository={count=1, dataType=repository}, json={""cachedValue"":{""errors"":[],""summary"":{""repository"":{""overall"":{""count"":1,""lastUpdated"":""2022-05-06T00:21:47.000+0800"",""dataType"":""repository""},""byInstanceType"":{""GitHub"":{""count"":1,""name"":""GitHub""}}}}},""isStale"":true}}",,0|i000pb:,MGAF Sprint 2,,,1.0,,,,Done
implement backend logic for data fetch to frontend,MGAF-30,10087,Subtask,Done,MGAF,MUST Graduate Application Forum,software,Yulong Cao,622565b514cd2400690a3ede,,Low,Done,Yulong Cao,622565b514cd2400690a3ede,Yulong Cao,622565b514cd2400690a3ede,Yulong Cao,622565b514cd2400690a3ede,17/Apr/22 5:26 PM,06/May/22 3:59 PM,28/Apr/22 2:23 PM,06/May/22 3:59 PM,,,,0,,,Yulong Cao,,622565b514cd2400690a3ede,,,,,,,,,,,,,,,,,{},,0|i000on:,MGAF Sprint 2,MGAF Sprint 3,,,,10052,"As an administrator, I can log in to the platform with an administrator account.",Done
implement backend logic for database update,MGAF-29,10086,Subtask,Done,MGAF,MUST Graduate Application Forum,software,Yulong Cao,622565b514cd2400690a3ede,,Low,Done,Yulong Cao,622565b514cd2400690a3ede,Yulong Cao,622565b514cd2400690a3ede,Yulong Cao,622565b514cd2400690a3ede,17/Apr/22 5:24 PM,06/May/22 3:59 PM,28/Apr/22 2:23 PM,06/May/22 3:59 PM,,,,0,,,Yulong Cao,,622565b514cd2400690a3ede,,,,,,,,,,,,,,,,,{},,0|i000of:,MGAF Sprint 2,MGAF Sprint 3,,,,10052,"As an administrator, I can log in to the platform with an administrator account.",Done
implement JS code for UI logic,MGAF-28,10085,Subtask,Done,MGAF,MUST Graduate Application Forum,software,Yulong Cao,622565b514cd2400690a3ede,,High,Done,Yulong Cao,622565b514cd2400690a3ede,Yulong Cao,622565b514cd2400690a3ede,Yulong Cao,622565b514cd2400690a3ede,17/Apr/22 5:24 PM,06/May/22 3:59 PM,28/Apr/22 2:23 PM,06/May/22 3:59 PM,,,,0,,,Yulong Cao,,622565b514cd2400690a3ede,,,,,,,,,,,,,,,,,{},,0|i000o7:,MGAF Sprint 2,MGAF Sprint 3,,,,10052,"As an administrator, I can log in to the platform with an administrator account.",Done
design and create SQL database for MGAF-14,MGAF-27,10084,Subtask,Done,MGAF,MUST Graduate Application Forum,software,Yulong Cao,622565b514cd2400690a3ede,,Medium,Done,Yulong Cao,622565b514cd2400690a3ede,Yulong Cao,622565b514cd2400690a3ede,Yulong Cao,622565b514cd2400690a3ede,17/Apr/22 5:23 PM,06/May/22 3:59 PM,28/Apr/22 2:22 PM,06/May/22 3:59 PM,,,,0,,,Yulong Cao,,622565b514cd2400690a3ede,,,,,,,,,,,,,,,,,{},,0|i000nz:,MGAF Sprint 2,MGAF Sprint 3,,,,10052,"As an administrator, I can log in to the platform with an administrator account.",Done
design and implement page layout in css,MGAF-26,10083,Subtask,Done,MGAF,MUST Graduate Application Forum,software,Yulong Cao,622565b514cd2400690a3ede,,High,Done,Yulong Cao,622565b514cd2400690a3ede,Yulong Cao,622565b514cd2400690a3ede,Yulong Cao,622565b514cd2400690a3ede,17/Apr/22 5:22 PM,06/May/22 3:59 PM,28/Apr/22 2:21 PM,06/May/22 3:59 PM,,,,0,,,Yulong Cao,,622565b514cd2400690a3ede,,,,,,,,,,,,,,,,,{},,0|i000nr:,MGAF Sprint 2,MGAF Sprint 3,,,,10052,"As an administrator, I can log in to the platform with an administrator account.",Done
create HTML template,MGAF-25,10082,Subtask,Done,MGAF,MUST Graduate Application Forum,software,Yulong Cao,622565b514cd2400690a3ede,,Highest,Done,Yulong Cao,622565b514cd2400690a3ede,Yulong Cao,622565b514cd2400690a3ede,Yulong Cao,622565b514cd2400690a3ede,17/Apr/22 5:22 PM,06/May/22 6:01 PM,14/May/22 2:53 PM,06/May/22 6:01 PM,,,,0,,,Yulong Cao,,622565b514cd2400690a3ede,,,,,,,,,,,,,,,,,{},,0|i000nj:,MGAF Sprint 2,MGAF Sprint 3,,,,10052,"As an administrator, I can log in to the platform with an administrator account.",Done
Set up the database with MySQL,MGAF-24,10062,Task,Done,MGAF,MUST Graduate Application Forum,software,Yulong Cao,622565b514cd2400690a3ede,,Medium,Done,Rona He,6176afd1e79ff6006f87d070,Rona He,6176afd1e79ff6006f87d070,Rona He,6176afd1e79ff6006f87d070,11/Apr/22 12:47 PM,17/Apr/22 5:38 PM,18/Apr/22 9:09 AM,17/Apr/22 5:38 PM,MUST Graduate Application Forum v1.0,,,0,,,Rona He,,6176afd1e79ff6006f87d070,,,,,,,,,,,,,,,,,"{repository={count=2, dataType=repository}, json={""cachedValue"":{""errors"":[],""summary"":{""repository"":{""overall"":{""count"":2,""lastUpdated"":""2022-04-13T12:58:30.000+0800"",""dataType"":""repository""},""byInstanceType"":{""GitHub"":{""count"":2,""name"":""GitHub""}}}}},""isStale"":true}}",,0|i000fd:,MGAF Sprint 1,,,1.0,,,,Done
Build the remote collaboration space,MGAF-21,10059,Task,Done,MGAF,MUST Graduate Application Forum,software,Yulong Cao,622565b514cd2400690a3ede,,Medium,Done,Rui Chen,61c6bad9e76379006875caed,Rona He,6176afd1e79ff6006f87d070,Rona He,6176afd1e79ff6006f87d070,04/Apr/22 11:08 AM,17/May/22 10:01 PM,18/May/22 12:26 PM,09/Apr/22 5:42 PM,MUST Graduate Application Forum v1.0,,,0,,,Rona He,,6176afd1e79ff6006f87d070,,,,,,,,,,,,,,,,,{},,0|i000fi:i,MGAF Sprint 1,,,1.0,,,,Done
Set up the environment for the project,MGAF-20,10058,Task,Done,MGAF,MUST Graduate Application Forum,software,Yulong Cao,622565b514cd2400690a3ede,,Medium,Done,Lu Jie,6225674eb7e7c7007158c9f4,Rona He,6176afd1e79ff6006f87d070,Rona He,6176afd1e79ff6006f87d070,04/Apr/22 11:06 AM,17/May/22 10:01 PM,17/May/22 10:01 PM,04/Apr/22 11:27 AM,MUST Graduate Application Forum v1.0,,,0,,,Rona He,,6176afd1e79ff6006f87d070,,,,,,,,,,,,,,,,,"{repository={count=1, dataType=repository}, json={""cachedValue"":{""errors"":[],""summary"":{""repository"":{""overall"":{""count"":1,""lastUpdated"":""2022-04-13T13:46:51.000+0800"",""dataType"":""repository""},""byInstanceType"":{""GitHub"":{""count"":1,""name"":""GitHub""}}}}},""isStale"":true}}",,0|i000fh:i,MGAF Sprint 1,,,3.0,,,,Done
"As a registered user, I can be recorded by the website so that I can log in automatically if I accidentally close the browser",MGAF-19,10057,Story,Done,MGAF,MUST Graduate Application Forum,software,Yulong Cao,622565b514cd2400690a3ede,,High,Done,Rona He,6176afd1e79ff6006f87d070,Rui Chen,61c6bad9e76379006875caed,Rui Chen,61c6bad9e76379006875caed,28/Mar/22 11:59 AM,09/May/22 9:42 AM,06/May/22 5:27 PM,09/May/22 9:41 AM,MUST Graduate Application Forum v2.0,,,0,"Acceptance Criteria \[Abstract]

# The admin can be logged in with an admin account and have multiple admin permissions
# Some illegal or inappropriate information in the forum can be deleted permanently by pressing the “Delete” button
# The users who have posted lots of inappropriate information can be blocked by the admin temporally or permanently by setting the time duration.",,Rui Chen,,61c6bad9e76379006875caed,,,,,,,,,,,,,,,,,"{repository={count=2, dataType=repository}, json={""cachedValue"":{""errors"":[],""summary"":{""repository"":{""overall"":{""count"":2,""lastUpdated"":""2022-05-06T17:23:54.000+0800"",""dataType"":""repository""},""byInstanceType"":{""GitHub"":{""count"":2,""name"":""GitHub""}}}}},""isStale"":true}}",,0|i000ht:,MGAF Sprint 2,,,8.0,,,,Done
"[sprint2 refine] As a registered user, I want to modify posts published by myself so that I can modify and update the information in the post immediately and provide more detailed and accurate information.",MGAF-18,10056,Story,Done,MGAF,MUST Graduate Application Forum,software,Yulong Cao,622565b514cd2400690a3ede,,Medium,Done,Yulong Cao,622565b514cd2400690a3ede,Rui Chen,61c6bad9e76379006875caed,Rui Chen,61c6bad9e76379006875caed,28/Mar/22 11:54 AM,17/May/22 5:08 PM,14/May/22 8:01 PM,16/May/22 10:51 PM,MUST Graduate Application Forum v3.0,,,0,"Acceptance Criteria

# This page contains a form with the following fields:

l  Post before modification

l  Modify button

l  Save button

2. After saving, the post should be consistent with the modified content",,Rui Chen,,61c6bad9e76379006875caed,,,,,,,,,,MGAF-7,MGAF-6,MGAF-19,,,,,"{repository={count=4, dataType=repository}, json={""cachedValue"":{""errors"":[],""summary"":{""repository"":{""overall"":{""count"":4,""lastUpdated"":""2022-05-16T22:13:33.000+0800"",""dataType"":""repository""},""byInstanceType"":{""GitHub"":{""count"":4,""name"":""GitHub""}}}}},""isStale"":true}}",,0|i000ip:,MGAF Sprint 1,MGAF Sprint 3,,5.0,,,,Done
"As a registered user, I want to change my personal motto so that it can inspire myself with some new mottos",MGAF-17,10055,Story,Done,MGAF,MUST Graduate Application Forum,software,Yulong Cao,622565b514cd2400690a3ede,,Low,Done,Rona He,6176afd1e79ff6006f87d070,Rui Chen,61c6bad9e76379006875caed,Rui Chen,61c6bad9e76379006875caed,28/Mar/22 11:49 AM,18/May/22 9:40 AM,18/May/22 9:40 AM,18/May/22 9:40 AM,MUST Graduate Application Forum v3.0,,,0,"Acceptance Criteria \[Abstract]

# This page contains a form with the following fields:

* Drop down boxes for country, university, etc
* Search button

  2. After clicking the search button, offers with qualifying conditions will be displayed",,Rui Chen,,61c6bad9e76379006875caed,,,,,,,,,,,,,,,,,"{repository={count=1, dataType=repository}, json={""cachedValue"":{""errors"":[],""summary"":{""repository"":{""overall"":{""count"":1,""lastUpdated"":""2022-05-17T21:06:09.000+0800"",""dataType"":""repository""},""byInstanceType"":{""GitHub"":{""count"":1,""name"":""GitHub""}}}}},""isStale"":true}}",,0|i000i3:,MGAF Sprint 3,,,2.0,,,,Done
"As a registered user, I want to upload my personal motto so that it can give some encouragement to let us continue to work hard",MGAF-16,10054,Story,Done,MGAF,MUST Graduate Application Forum,software,Yulong Cao,622565b514cd2400690a3ede,,Medium,Done,Rona He,6176afd1e79ff6006f87d070,Rui Chen,61c6bad9e76379006875caed,Rui Chen,61c6bad9e76379006875caed,28/Mar/22 11:42 AM,17/May/22 9:07 PM,14/May/22 8:01 PM,17/May/22 9:07 PM,MUST Graduate Application Forum v3.0,,,0,"Acceptance Criteria \[Abstract]

# This page contains a form with the following fields:

* Box for entering tags
* Search button

  2. After clicking the search button, the posts with tags will be displayed",,Rui Chen,,61c6bad9e76379006875caed,,,,,,,,,,MGAF-3,,MGAF-18,,,,,"{repository={count=1, dataType=repository}, json={""cachedValue"":{""errors"":[],""summary"":{""repository"":{""overall"":{""count"":1,""lastUpdated"":""2022-05-17T21:06:09.000+0800"",""dataType"":""repository""},""byInstanceType"":{""GitHub"":{""count"":1,""name"":""GitHub""}}}}},""isStale"":true}}",,0|i000i1:,MGAF Sprint 3,,,3.0,,,,Done
"As a registered user, I want to see other users’ personal file page so that I can know other users better",MGAF-15,10053,Story,Done,MGAF,MUST Graduate Application Forum,software,Yulong Cao,622565b514cd2400690a3ede,,High,Done,Rui Chen,61c6bad9e76379006875caed,Rui Chen,61c6bad9e76379006875caed,Rui Chen,61c6bad9e76379006875caed,28/Mar/22 11:38 AM,18/May/22 9:40 AM,14/May/22 9:17 PM,18/May/22 9:40 AM,MUST Graduate Application Forum v3.0,,,0,"Acceptance Criteria

1.The main page should display a button of personal file.

2. After clicking the button, there is a page show more personal information, including the following contents:

l  user name

l  Age

l  Gender

l  major

l  contact information",,Rui Chen,,61c6bad9e76379006875caed,,,,,,,,,,MGAF-3,,MGAF-14,,,,,"{repository={count=1, dataType=repository}, json={""cachedValue"":{""errors"":[],""summary"":{""repository"":{""overall"":{""count"":1,""lastUpdated"":""2022-05-17T21:06:09.000+0800"",""dataType"":""repository""},""byInstanceType"":{""GitHub"":{""count"":1,""name"":""GitHub""}}}}},""isStale"":true}}",,0|i000ht:i,MGAF Sprint 3,,,5.0,,,,Done
"As an administrator, I can log in to the platform with an administrator account.",MGAF-14,10052,Story,Done,MGAF,MUST Graduate Application Forum,software,Yulong Cao,622565b514cd2400690a3ede,,Highest,Done,Yulong Cao,622565b514cd2400690a3ede,Rui Chen,61c6bad9e76379006875caed,Rui Chen,61c6bad9e76379006875caed,28/Mar/22 11:35 AM,18/May/22 2:20 PM,18/May/22 2:20 PM,18/May/22 2:20 PM,MUST Graduate Application Forum v2.0,MUST Graduate Application Forum v3.0,,0,"As an administrator, I can log in to the platform with an administrator account.

 

Acceptance Criteria

# This page should have all the functions of registered users .",,Rui Chen,,61c6bad9e76379006875caed,,,,,,,,,,,,MGAF-16,MGAF-17,MGAF-19,,,"{repository={count=2, dataType=repository}, json={""cachedValue"":{""errors"":[],""summary"":{""repository"":{""overall"":{""count"":2,""lastUpdated"":""2022-05-06T17:21:15.000+0800"",""dataType"":""repository""},""byInstanceType"":{""GitHub"":{""count"":2,""name"":""GitHub""}}}}},""isStale"":true}}",,0|i000hr:8,MGAF Sprint 2,MGAF Sprint 3,,5.0,,,,Done
"As a registered user, I want to change my profile photo so that I can show my personality and be memorized better",MGAF-13,10051,Subtask,Done,MGAF,MUST Graduate Application Forum,software,Yulong Cao,622565b514cd2400690a3ede,,Medium,Done,,,Rui Chen,61c6bad9e76379006875caed,Rui Chen,61c6bad9e76379006875caed,28/Mar/22 10:25 AM,18/May/22 5:11 PM,06/May/22 5:58 PM,18/May/22 5:11 PM,,,,0,"Acceptance Criteria \[Abstract]

# The profile photo can be set or changed after registration
# The changing page contains the following fields:

* A place where a photo can be selected and uploaded from the system photo library
* Save button

  3. After saving, the profile photo can be seen by any person in the forum.",,Rui Chen,,61c6bad9e76379006875caed,,,,,,,,,,,,,,,,,{},,0|i000hr:,MGAF Sprint 3,,,2.0,,10050,"As a registered user, I want to change my personal information so that I can update my personal information at any time",Done
"As a registered user, I want to change my personal information so that I can update my personal information at any time",MGAF-12,10050,Story,Done,MGAF,MUST Graduate Application Forum,software,Yulong Cao,622565b514cd2400690a3ede,,Highest,Done,Yulong Cao,622565b514cd2400690a3ede,Rui Chen,61c6bad9e76379006875caed,Rui Chen,61c6bad9e76379006875caed,28/Mar/22 10:03 AM,17/May/22 11:46 PM,18/May/22 5:11 PM,17/May/22 11:46 PM,MUST Graduate Application Forum v3.0,,,0,"*Change Personal Information* \[layout]

Acceptance Criteria

# This page contains a form with the following fields:

* Personal information before modification
* Information box
* Modify button
* Save buttont

   2. After saving, the personal information should be consistent with the modified content",,Rui Chen,Yulong Cao,61c6bad9e76379006875caed,622565b514cd2400690a3ede,,,,,,,,,,,MGAF-19,,,,,"{repository={count=1, dataType=repository}, json={""cachedValue"":{""errors"":[],""summary"":{""repository"":{""overall"":{""count"":1,""lastUpdated"":""2022-05-17T21:06:09.000+0800"",""dataType"":""repository""},""byInstanceType"":{""GitHub"":{""count"":1,""name"":""GitHub""}}}}},""isStale"":true}}",,0|i000hu:,MGAF Sprint 3,,,5.0,"17/Apr/22 6:18 PM;622565b514cd2400690a3ede;As site managers I think this function can be done alternatively via directly update MySQL database, thus I think this should be pending at now and implement if we have time.",,,Done
"As a registered user, I want to click the name of the poster, so that I can enter the poster's personal file",MGAF-11,10049,Story,Done,MGAF,MUST Graduate Application Forum,software,Yulong Cao,622565b514cd2400690a3ede,,High,Done,Lu Jie,6225674eb7e7c7007158c9f4,Rui Chen,61c6bad9e76379006875caed,Rui Chen,61c6bad9e76379006875caed,28/Mar/22 9:57 AM,18/May/22 4:55 PM,18/May/22 1:05 PM,18/May/22 4:55 PM,MUST Graduate Application Forum v3.0,,,0,"Acceptance Criteria \[layout]

# The main page should display the name of poster which is marked in each uploaded post, and add hyperlink to name.
# After clicking the poster name which show in the uploaded post, we can enter the poster’s personal file.",,Rui Chen,,61c6bad9e76379006875caed,,,,,,,,,,,,MGAF-10,,,,,{},,0|i000hr:6,MGAF Sprint 3,,,3.0,,,,Done
"As a registered user, I want to comment on other people's posts so that I can learn more relevant information from the sender",MGAF-10,10048,Story,Done,MGAF,MUST Graduate Application Forum,software,Yulong Cao,622565b514cd2400690a3ede,,Highest,Done,Lu Jie,6225674eb7e7c7007158c9f4,Rui Chen,61c6bad9e76379006875caed,Rui Chen,61c6bad9e76379006875caed,28/Mar/22 9:54 AM,09/May/22 9:22 AM,05/May/22 3:59 PM,04/May/22 10:47 AM,MUST Graduate Application Forum v2.0,,,0,"Acceptance Criteria \[Abstract]

# The page should have a form to write the comment with a submit button and a delete button
# Users can comment on other people's posts by pressing the submit button
# Users can delete their comments by pressing the delete button",,Rui Chen,,61c6bad9e76379006875caed,,,,,,,,,,,,MGAF-19,,,,,"{repository={count=4, dataType=repository}, json={""cachedValue"":{""errors"":[],""summary"":{""repository"":{""overall"":{""count"":4,""lastUpdated"":""2022-05-09T02:18:35.000+0800"",""dataType"":""repository""},""byInstanceType"":{""GitHub"":{""count"":4,""name"":""GitHub""}}}}},""isStale"":true}}",,0|i000hr:4i,MGAF Sprint 2,,,8.0,,,,Done
"As a registered user, I want to give a like to other people's posts so that I can express that this post is very helpful to me",MGAF-9,10047,Story,ABANDONED,MGAF,MUST Graduate Application Forum,software,Yulong Cao,622565b514cd2400690a3ede,,Low,Done,Yulong Cao,622565b514cd2400690a3ede,Rui Chen,61c6bad9e76379006875caed,Rui Chen,61c6bad9e76379006875caed,28/Mar/22 9:50 AM,09/May/22 9:42 AM,14/May/22 7:43 PM,09/May/22 9:42 AM,MUST Graduate Application Forum v2.0,,,0,"Acceptance Criteria \[Abstract]

# The page should have a like button
# Users can give a like to other people's posts by pressing the like button
# Users can cancel the like by pressing the like button again",,Rui Chen,,61c6bad9e76379006875caed,,,,,,,,,,MGAF-3,,MGAF-10,MGAF-11,,,,"{repository={count=1, dataType=repository}, json={""cachedValue"":{""errors"":[],""summary"":{""repository"":{""overall"":{""count"":1,""lastUpdated"":""2022-05-06T17:33:29.000+0800"",""dataType"":""repository""},""byInstanceType"":{""GitHub"":{""count"":1,""name"":""GitHub""}}}}},""isStale"":true}}",,0|i000hr:4,MGAF Sprint 2,,,5.0,,,,Done
"As a registered user, I can log out from the account so that if I can log in again with other accounts",MGAF-8,10046,Story,Done,MGAF,MUST Graduate Application Forum,software,Yulong Cao,622565b514cd2400690a3ede,,Medium,Done,Yulong Cao,622565b514cd2400690a3ede,Rui Chen,61c6bad9e76379006875caed,Rui Chen,61c6bad9e76379006875caed,27/Mar/22 9:33 AM,09/May/22 9:22 AM,06/May/22 3:39 PM,09/May/22 12:28 AM,MUST Graduate Application Forum v2.0,,,0,"Acceptance Criteria \[Abstract]

# The users can choose an authentication question with their answer when registering or in the Account Management.
# The Login page provides user with an option of  “Forgot my password”, which is a hyperlink to the password resetting page.
# Password resetting page includes a form with fields of username, corresponding authentication question, answer, and the new password the user wants to be set.
# An incorrect answer will cause an alert message which reminds that the authentication failed
# A right answer will l lead to a new page with new password information",,Rui Chen,Yulong Cao,61c6bad9e76379006875caed,622565b514cd2400690a3ede,,,,,,,,,MGAF-5,,,,,,,"{repository={count=1, dataType=repository}, json={""cachedValue"":{""errors"":[],""summary"":{""repository"":{""overall"":{""count"":1,""lastUpdated"":""2022-05-06T00:23:02.000+0800"",""dataType"":""repository""},""byInstanceType"":{""GitHub"":{""count"":1,""name"":""GitHub""}}}}},""isStale"":true}}",,0|i000hr:3,MGAF Sprint 2,,,5.0,17/Apr/22 4:52 PM;622565b514cd2400690a3ede;This feature is not realistic to implement by now since we do not have resource (a.k.a. money) to host a SMTP mail server on public net.,,,Done
"As a registered user, I want to post my experience with pictures so that help others understand the information of applying.",MGAF-7,10045,Story,Done,MGAF,MUST Graduate Application Forum,software,Yulong Cao,622565b514cd2400690a3ede,,Medium,Done,Rui Chen,61c6bad9e76379006875caed,Rui Chen,61c6bad9e76379006875caed,Rui Chen,61c6bad9e76379006875caed,27/Mar/22 9:24 AM,05/May/22 10:01 AM,05/May/22 10:44 AM,05/May/22 9:13 AM,MUST Graduate Application Forum v2.0,,,0,"Acceptance Criteria \[Abstract]

# The page should contain these elements:

* A place where pictures can be selected and uploaded from the system photo library
* Post button

  2. Users can post the pictures after pressing the post button

  3. Posts sent by users can be seen by others",,Rui Chen,,61c6bad9e76379006875caed,,,,,,,,,,MGAF-3,,MGAF-9,MGAF-12,MGAF-16,MGAF-15,MGAF-19,"{repository={count=3, dataType=repository}, json={""cachedValue"":{""errors"":[],""summary"":{""repository"":{""overall"":{""count"":3,""lastUpdated"":""2022-05-06T17:19:17.000+0800"",""dataType"":""repository""},""byInstanceType"":{""GitHub"":{""count"":3,""name"":""GitHub""}}}}},""isStale"":true}}",,0|i000hr:2,MGAF Sprint 2,,,8.0,,,,Done
"As a registered user, I want to post my experience with text so that help others understand the information of applying.",MGAF-6,10044,Story,Done,MGAF,MUST Graduate Application Forum,software,Yulong Cao,622565b514cd2400690a3ede,,Medium,Done,Lu Jie,6225674eb7e7c7007158c9f4,Rui Chen,61c6bad9e76379006875caed,Rui Chen,61c6bad9e76379006875caed,27/Mar/22 9:21 AM,17/Apr/22 10:40 PM,13/Apr/22 10:47 AM,17/Apr/22 5:38 PM,MUST Graduate Application Forum v1.0,,,0,"Acceptance Criteria \[Abstract]

# The page should contain these elements:

*  Form to be written with text
* Post button

   2. Users can post the text after pressing the post button

   3. Posts sent by users can be seen by others",,Rui Chen,,61c6bad9e76379006875caed,,,,,,,,,,MGAF-3,,MGAF-9,MGAF-10,MGAF-15,MGAF-16,MGAF-19,"{repository={count=4, dataType=repository}, json={""cachedValue"":{""errors"":[],""summary"":{""repository"":{""overall"":{""count"":4,""lastUpdated"":""2022-04-17T06:47:13.000+0800"",""dataType"":""repository""},""byInstanceType"":{""GitHub"":{""count"":4,""name"":""GitHub""}}}}},""isStale"":true}}",,0|i000h9:,MGAF Sprint 1,,,3.0,,,,Done
" As a registered user, I want to login with my username and password so that I can access a series of functions provided on the website.",MGAF-5,10043,Story,Done,MGAF,MUST Graduate Application Forum,software,Yulong Cao,622565b514cd2400690a3ede,,High,Done,Rui Chen,61c6bad9e76379006875caed,Rui Chen,61c6bad9e76379006875caed,Rui Chen,61c6bad9e76379006875caed,27/Mar/22 9:18 AM,12/Apr/22 4:55 PM,12/Apr/22 10:19 PM,12/Apr/22 12:55 AM,MUST Graduate Application Forum v1.0,,,0,"Acceptance Criteria \[Abstract]

# The login page contains a form with the following fields:

* Enter username option
* Enter Password option
* Submit button

  2. Enter the registered username and password and click the “log in” button correctly, then the user will access the website

  3. Incorrect input of user information will prompt the error message that specifies that the username or password was wrong

  4. Correct input will prompt successful login information",,Rui Chen,,61c6bad9e76379006875caed,,,,,,,,,,,,MGAF-3,MGAF-10,MGAF-11,MGAF-14,,"{repository={count=4, dataType=repository}, json={""cachedValue"":{""errors"":[],""summary"":{""repository"":{""overall"":{""count"":4,""lastUpdated"":""2022-04-13T17:32:33.000+0800"",""dataType"":""repository""},""byInstanceType"":{""GitHub"":{""count"":4,""name"":""GitHub""}}}}},""isStale"":true}}",,0|i000gr:,MGAF Sprint 1,,,2.0,,,,Done
"As an unregistered user, I want to register so that I can access more functions provided by the forum.",MGAF-4,10042,Story,Done,MGAF,MUST Graduate Application Forum,software,Yulong Cao,622565b514cd2400690a3ede,,Highest,Done,Rona He,6176afd1e79ff6006f87d070,Rui Chen,61c6bad9e76379006875caed,Rui Chen,61c6bad9e76379006875caed,26/Mar/22 5:26 PM,13/Apr/22 11:38 AM,18/May/22 5:24 PM,12/Apr/22 12:54 AM,MUST Graduate Application Forum v1.0,,,0,"Acceptance Criteria \[Abstract]

# The registration page should provide the new user with a registration button.
# The registration page contains a form with the following fields:

* Enter username option
* Enter password option
* Submit button
* Filling all the fields in the form and submitting the registration page form correctly will create a new account

  3. Incorrect input of user information will cause an alert message which reminds that the username or password is wrong

  4. Correct input will lead to a new page with successful registration information

  5. New users can successfully log in to the system by using the account after registering",,Rui Chen,,61c6bad9e76379006875caed,,,,,,,,,,,,MGAF-3,,,,,"{repository={count=4, dataType=repository}, json={""cachedValue"":{""errors"":[],""summary"":{""repository"":{""overall"":{""count"":4,""lastUpdated"":""2022-04-17T16:05:02.000+0800"",""dataType"":""repository""},""byInstanceType"":{""GitHub"":{""count"":4,""name"":""GitHub""}}}}},""isStale"":true}}",,0|i000g5:,MGAF Sprint 1,,,5.0,,,,Done
"As a user, I want to be able to go to the home page of MUST Graduate Application Forum so that I can know and access a series of functions provided by the forum.",MGAF-3,10041,Story,Done,MGAF,MUST Graduate Application Forum,software,Yulong Cao,622565b514cd2400690a3ede,,Highest,Done,Yulong Cao,622565b514cd2400690a3ede,Rui Chen,61c6bad9e76379006875caed,Rui Chen,61c6bad9e76379006875caed,26/Mar/22 5:23 PM,17/Apr/22 5:37 PM,05/May/22 9:29 AM,17/Apr/22 5:37 PM,MUST Graduate Application Forum v1.0,,,0,"Acceptance Criteria \[Abstract]

# There will be a navigation bar on the left side of the home page, which contains the options of Latest Posts, Offers Overview, Notifications and Account Management.
# If the user hasn’t registered, there will be one reminder sign showing as “ Sign up free”, which is a hyperlink to the registration page.
# If the user has registered, the current user account sign will be shown as “Logged in as xxx” if, which is also a hyperlink to the user account management page.
# The latest Posts stream will be shown on the main part of the page.",,Rui Chen,,61c6bad9e76379006875caed,,,,,,,,,,,,MGAF-17,,,,,"{repository={count=1, dataType=repository}, json={""cachedValue"":{""errors"":[],""summary"":{""repository"":{""overall"":{""count"":1,""lastUpdated"":""2022-04-11T10:41:06.000+0800"",""dataType"":""repository""},""byInstanceType"":{""GitHub"":{""count"":1,""name"":""GitHub""}}}}},""isStale"":true}}",,0|i000fj:,MGAF Sprint 1,,,3.0,,,,Done
Update Project readme.md,MGAF-2,10037,Task,Done,MGAF,MUST Graduate Application Forum,software,Yulong Cao,622565b514cd2400690a3ede,,Medium,Done,Yulong Cao,622565b514cd2400690a3ede,Yulong Cao,622565b514cd2400690a3ede,Yulong Cao,622565b514cd2400690a3ede,07/Mar/22 10:59 AM,12/Apr/22 4:55 PM,12/Apr/22 10:29 PM,04/Apr/22 11:26 AM,MUST Graduate Application Forum v1.0,,,0,,,Yulong Cao,,622565b514cd2400690a3ede,,,,,,,,,,,,,,,,,"{repository={count=1, dataType=repository}, json={""cachedValue"":{""errors"":[],""summary"":{""repository"":{""overall"":{""count"":1,""lastUpdated"":""2022-03-07T11:09:39.000+0800"",""dataType"":""repository""},""byInstanceType"":{""GitHub"":{""count"":1,""name"":""GitHub""}}}}},""isStale"":true}}",,0|i000fh:,MGAF Sprint 1,,,1.0,,,,Done
Create and Link GitHub Repository to Jira,MGAF-1,10036,Task,Done,MGAF,MUST Graduate Application Forum,software,Yulong Cao,622565b514cd2400690a3ede,,Medium,Done,Yulong Cao,622565b514cd2400690a3ede,Yulong Cao,622565b514cd2400690a3ede,Yulong Cao,622565b514cd2400690a3ede,07/Mar/22 10:59 AM,17/Apr/22 5:05 PM,12/Apr/22 10:30 PM,04/Apr/22 11:26 AM,MUST Graduate Application Forum v1.0,,,0,,,Yulong Cao,,622565b514cd2400690a3ede,,,,,,,,,,,,,,,,,{},,0|i000ff:,MGAF Sprint 1,,,1.0,,,,Done
